﻿<?xml version="1.0" encoding="utf-8" ?>
<Defs>
  
  <ThingDef Name="FurnitureBase_BPS" ParentName="BuildingBase" Abstract="True">
    <designationCategory>Furniture</designationCategory>
    <minifiedDef>MinifiedThing</minifiedDef>
    <thingCategories>
      <li>BuildingsFurniture</li>
    </thingCategories>
  </ThingDef>
  
  <ThingDef Name="FurnitureWithQualityBase_BPS" ParentName="FurnitureBase_BPS" Abstract="True">
    <comps>
      <li>
        <compClass>CompQuality</compClass>
      </li>
    </comps>
  </ThingDef>

  <ThingDef Name="ArtableFurnitureBase_BPS" ParentName="FurnitureWithQualityBase_BPS" Abstract="True">
    <comps>
      <li Class="CompProperties_Art">
        <nameMaker>NamerArtFurniture</nameMaker>
        <descriptionMaker>ArtDescription_Furniture</descriptionMaker>
        <minQualityForArtistic>Excellent</minQualityForArtistic>
			</li>
    </comps>
    <inspectorTabs>
      <li>ITab_Art</li>
    </inspectorTabs>
  </ThingDef>

  <!-- ======================== Lighting ======================= -->

    <ThingDef Abstract="True" Name="LampBase_BPS" ParentName="BuildingBase">
    <thingClass>Building</thingClass>
    <category>Building</category>
    <minifiedDef>MinifiedThing</minifiedDef>
    <altitudeLayer>Building</altitudeLayer>
    <passability>PassThroughOnly</passability>
    <selectable>true</selectable>
    <fillPercent>0.20</fillPercent>
    <pathCost>8</pathCost>
    <leaveResourcesWhenKilled>false</leaveResourcesWhenKilled>
    <soundImpactDefault>BulletImpact_Metal</soundImpactDefault>
    <designationCategory>Furniture</designationCategory>
    <rotatable>false</rotatable>
    <uiIconOffset>(0, 0.03)</uiIconOffset>
	<thingCategories>
      <li>BuildingsFurniture</li>
    </thingCategories>
	<graphicData>
      <graphicClass>Graphic_Single</graphicClass>
      <shadowData>
        <volume>(0.3, 0.6, 0.3)</volume>
        <offset>(0,0,-0.1)</offset>
      </shadowData>
      <damageData>
        <rect>(0.2,0.2,0.6,0.6)</rect>
      </damageData>
    </graphicData>
    <comps>
      <li Class="CompProperties_Flickable"/>
    </comps>
    <statBases>
      <MaxHitPoints>50</MaxHitPoints>
      <WorkToBuild>300</WorkToBuild>
      <Flammability>1.0</Flammability>
    </statBases>
    <researchPrerequisites>
      <li>Electricity</li>
    </researchPrerequisites>
  </ThingDef>

  <ThingDef Abstract="True" Name="StandingLampBase_BPS" ParentName="LampBase_BPS">
    <graphicData>
      <texPath>Things/Building/Furniture/LampStanding</texPath>
    </graphicData>
    <costList>
      <Steel>20</Steel>
    </costList>
    <statBases>
      <Mass>4</Mass>
    </statBases>
    <comps>
      <li Class="CompProperties_Power">
        <compClass>CompPowerTrader</compClass>
        <basePowerConsumption>15</basePowerConsumption>
        <shortCircuitInRain>false</shortCircuitInRain>
      </li>
    </comps>
  </ThingDef>
  
  <ThingDef ParentName="StandingLampBase_BPS" >
    <defName>StandingLamp</defName>
    <label>standing lamp</label>
    <description>Standing lamp that lights an area. People need light to move and work at full speed.</description>
    <designationHotKey>Misc11</designationHotKey>
    <comps>
      <li Class="CompProperties_Glower">
        <glowRadius>11</glowRadius>
        <glowColor>(217,217,208,0)</glowColor>
      </li>
    </comps>
  </ThingDef>

  <ThingDef ParentName="StandingLampBase_BPS">
    <defName>StandingLamp_Red</defName>
    <label>standing lamp (red)</label>
    <description>Standing lamp that lights an area in red.</description>
    <comps>
      <li Class="CompProperties_Glower">
        <glowRadius>11</glowRadius>
        <glowColor>(217,0,0,0)</glowColor>
      </li>
    </comps>
    <researchPrerequisites><li>ColoredLights</li></researchPrerequisites>
  </ThingDef>

  <ThingDef ParentName="StandingLampBase_BPS">
    <defName>StandingLamp_Green</defName>
    <label>standing lamp (green)</label>
    <description>Standing lamp that lights an area in green.</description>
    <comps>   
      <li Class="CompProperties_Glower">
        <glowRadius>11</glowRadius>
        <glowColor>(0,217,0,0)</glowColor>
      </li>
    </comps>
    <researchPrerequisites><li>ColoredLights</li></researchPrerequisites>
  </ThingDef>

  <ThingDef ParentName="StandingLampBase_BPS">
    <defName>StandingLamp_Blue</defName>
    <label>standing lamp (blue)</label>
    <description>Standing lamp that lights an area in blue.</description>
    <comps>
      <li Class="CompProperties_Glower">
        <glowRadius>11</glowRadius>
        <glowColor>(0,0,217,0)</glowColor>
      </li>
    </comps>
    <researchPrerequisites><li>ColoredLights</li></researchPrerequisites>
  </ThingDef>

    <ThingDef ParentName="LampBase_BPS">
    <defName>SunLamp</defName>
    <label>sun lamp</label>
    <description>An industrial lamp which lights an area brightly enough to grow crops, but consumes a huge amount of power. Automatically turns itself off at night.</description>
    <thingClass>Building_SunLamp</thingClass>
    <graphicData>
      <texPath>Things/Building/Production/LampSun</texPath>
    </graphicData>
    <blockWind>true</blockWind>
    <tickerType>Rare</tickerType>
    <statBases>
      <WorkToBuild>330</WorkToBuild>
      <Mass>4.5</Mass>
    </statBases>
    <costList>
      <Steel>40</Steel>
    </costList>
    <comps>
      <li Class="CompProperties_Glower">
        <overlightRadius>7.0</overlightRadius>
        <glowRadius>14</glowRadius>
        <glowColor>(370,370,370,0)</glowColor>
      </li>
      <li Class="CompProperties_Power">
        <compClass>CompPowerTrader</compClass>
        <shortCircuitInRain>false</shortCircuitInRain>
        <basePowerConsumption>2400</basePowerConsumption>
      </li>
      <li Class="CompProperties_Schedule">
        <!-- Match plant growing times -->
        <startTime>0.25</startTime>
        <endTime>0.8</endTime>
        <offMessage>Off for plant resting period</offMessage>
      </li>
      <li Class="CompProperties_HeatPusher">
        <compClass>CompHeatPusherPowered</compClass>
        <heatPerSecond>3</heatPerSecond>
      </li>
    </comps>
    <!-- Determined by trial and error
    This value isn't perfect because these radii use different algorithms
    but it matches in this case-->
    <specialDisplayRadius>5.8</specialDisplayRadius>
  </ThingDef>
</Defs>